Method,Point estimate,Low (95% CI),High (95% CI),p value
FR_DR_CS,-0.1693296470300766,-1.8117341606998068,1.4730748666396534,0.8398623196865482
FR_DR_NCS,-0.2665091577031718,-0.8744295027331255,0.34141118732678194,0.39020914137380824
FR_DR_NCNS,-0.26791976018597563,-0.8760499672492761,0.3402104468773248,0.3878692645615842
FR_DR_CNS,-0.16930556883926598,-1.806674362019337,1.4680632243408052,0.8393990435692609
CausalDML,0.1556753412124353,-0.7386750139174656,1.0500256963423362,0.732981875891316
