overlap_intensity,extreme_scores,ess,dr_estimates,dr_in_ci,plugin_estimates,plugin_in_ci
0.04872488080912729,4.11,73.83,9.036163120099351,1.0,7.335649058062053,0.0
0.9400164070275472,81.93,56.04,8.598915837751045,0.0,7.003900080957971,0.0
0.11226450838464652,16.19,42.78,8.613541494296829,0.0,8.14910904069978,0.0
0.3945790488935669,63.12,3.53,12.482218530242433,0.0,11.001710607735577,0.0
0.41589414727991203,67.23,11.83,8.722687072915937,0.0,9.066528182679816,0.0
0.25963619744836364,51.09,32.67,12.531658298997609,0.0,12.183484873597495,0.0
0.9142981889940004,81.09,31.02,7.154261832521963,0.0,3.1325721850967847,0.0
